MaKhachHang,TenKhachHang,Vung,LoaiKhach,NgayBatDauGiaoDich,HanMucCongNo
KH0001,Cty CP Dịch vụ Hoàng Gia,Miền Bắc,Sỉ,03/09/2023,821000000.0
KH0002,Công ty TNHH MTV Thực phẩm Hưng Thịnh,Miền Nam,Sỉ,20/04/2023,5958000000.0
KH0003,Lê Xuân Việt,Miền Trung,Lẻ,06/07/2023,18000000.0
KH0004,Công ty Cổ phần Phân phối An Khang,Miền Bắc,Sỉ,21/10/2022,650000000.0
KH0005,Công ty TNHH Xuất nhập khẩu Toàn Cầu,Miền Nam,Sỉ,16/08/2023,200000000.0
,Công ty TNHH MTV Thực phẩm Việt Thắng,Miền Nam,Sỉ,01/02/2024,200000000.0
KH0007,Doanh nghiệp tư nhân Thương mại An Khang,Miền Nam,Sỉ,23/09/2022,200000000.0
KH0008,Doanh nghiệp tư nhân Xuất nhập khẩu Thành Đạt,Miền Nam,Sỉ,23/08/2023,2111000000.0
KH0009,Dương Bích Nga,Miền Trung,Lẻ,10/04/2024,11000000.0
KH0010,Doanh nghiệp tư nhân Thương mại Thiên Phú,Miền Bắc,Sỉ,15/10/2022,1675000000.0
KH0011,Công ty TNHH MTV Xuất nhập khẩu Toàn Cầu,Miền Nam,Sỉ,25/03/2024,200000000.0
KH0012,Công ty Cổ phần Xuất nhập khẩu Kim Long,North,Sỉ,12/03/2023,7852000000.0
KH0013,Công ty TNHH MTV Xuất nhập khẩu Tân Phát,Miền Bắc,Sỉ,03/03/2023,1091000000.0
KH0014,Công ty TNHH Xuất nhập khẩu Hoàng Gia,Miền Nam,Sỉ,08/06/2023,200000000.0
KH0015,Doanh nghiệp tư nhân Phân phối Việt Phát,Miền Nam,Sỉ,06/03/2023,216000000.0
KH0016,Doanh nghiệp tư nhân Xây dựng Thành Đạt,M.Bắc,Sỉ,30/11/2022,481000000.0
KH0017,Lý Văn Bình,Miền Bắc,Lẻ,07/04/2023,13000000.0
KH0018,doanh nghiệp tư nhân xây dựng việt thắng,Bắc,Sỉ,22/07/2024,1071000000.0
KH0019,Lê Xuân Khánh,Miền Trung,Lẻ,12/09/2023,5000000.0
KH0020,Phạm Ngọc Hải,Miền Trung,Lẻ,18/02/2024,5000000.0
KH0021,Doanh nghiệp tư nhân Dịch vụ Toàn Cầu,Miền Trung,Sỉ,18/05/2023,805000000.0
KH0022,Công ty TNHH MTV Thương mại Tân Phát,Miền Bắc,Sỉ,22/11/2023,200000000.0
KH0023,Nguyễn Thị Mai,Miền Trung,Lẻ,27/05/2024,6000000.0
KH0024,Phạm Diễm Anh,Miền Nam,Lẻ,13/06/2023,5000000.0
KH0025,Ngô Công Dũng,Miền Bắc,Lẻ,05/08/2023,5000000.0
KH0026,Cty TNHH Thực phẩm Đại Dương,Miền Trung,Sỉ,24/12/2023,1246000000.0
KH0027,Công ty Cổ phần Xây dựng Tân Phát,Miền Nam,Sỉ,10/11/2022,340000000.0
KH0028,Bùi Công Nam,Miền Nam,Lẻ,25/06/2023,5000000.0
KH0029,công ty tnhh mtv dịch vụ việt phát,Miền Trung,Sỉ,16/08/2023,729000000.0
KH0030,Công ty TNHH Xây dựng Tân Á,Miền Nam,Sỉ,29/09/2023,200000000.0
KH0031,Trần Thu Thảo,Miền Nam,Lẻ,29/02/2024,12000000.0
KH0032,Doanh nghiệp tư nhân Xuất nhập khẩu An Khang,North,Sỉ,29/12/2022,232000000.0
KH0033,Trần Diễm Lan,Miền Nam,Lẻ,26/04/2023,5000000.0
KH0034,Trần Thu Trang,Miền Bắc,Lẻ,22/03/2024,35000000.0
KH0035,Đặng Bích Huyền,Miền Nam,Lẻ,03/10/2023,107000000.0
KH0036,Công ty TNHH Dịch vụ Toàn Cầu,Miền Bắc,Sỉ,05/01/2023,935000000.0
KH0037,Bùi Ngọc An,Miền Nam,Lẻ,05/07/2023,5000000.0
KH0038,Doanh nghiệp tư nhân Xuất nhập khẩu Minh Phát,Miền Trung,Sỉ,25/08/2023,200000000.0
KH0039,Phan Diễm Nhung,Miền Nam,Lẻ,10/04/2023,12000000.0
KH0040,Công ty Cổ phần Xuất nhập khẩu Việt Phát,Miền Trung,Sỉ,16/02/2024,640000000.0
KH0041,đỗ diễm linh,Miền Nam,Lẻ,03/07/2024,5000000.0
KH0042,đặng bích huyền,Miền Trung,Lẻ,22/04/2023,7000000.0
KH0043,Doanh nghiệp tư nhân Xuất nhập  khẩu Toàn Cầu,Miền Trung,Sỉ,20/05/2024,200000000.0
KH0044,Công ty TNHH MTV Dịch vụ Kim Long,Miền Bắc,Sỉ,2023-11-16,2714000000.0
KH0045,Công ty TNHH Dịch vụ Việt Thắng,Miền Trung,Sỉ,28/07/2023,323000000.0
KH0046,Công ty Cổ phần Xuất nhập khẩu Đông Á,Miền Nam,Sỉ,23/12/2022,906000000.0
KH0047,Huỳnh Ngọc Cường,Miền Trung,Lẻ,15/12/2023,10000000.0
KH0048,Doanh nghiệp tư nhân Xây dựng Thiên Phú,Miền Nam,Sỉ,08/02/2024,452000000.0
KH0049,Công ty TNHH MTV Dịch vụ Sao Việt,Central,Sỉ,01/10/2022,1062000000.0
KH0050,Công ty TNHH MTV Thực phẩm Thành Đạt,Miền Nam,Sỉ,05/09/2022,200000000.0
KH0051,Võ Thị Lan,Miền Nam,Lẻ,16/06/2024,99000000.0
KH0052,Đỗ Công Việt,Miền Nam,Lẻ,08/08/2022,28000000.0
,Vũ Kim Nhung,Miền Nam,Lẻ,20/12/2022,61000000.0
KH0054,Ngô Quốc Dũng,Miền Nam,Lẻ,26/03/2023,20000000.0
KH0055,Doanh nghiệp tư nhân Phân phối Kim Long,Miền Trung,Sỉ,26/07/2024,1178000000.0
KH0056,Hoàng Thu Nhung,Miền Nam,Lẻ,11/08/2022,43000000.0
KH0057,Võ Kim Yến,Miền Trung,Lẻ,01/01/2024,5000000.0
KH0058,Công ty TNHH MTV Dịch vụ Việt Thắng,Miền Bắc,Sỉ,19/08/2023,247000000.0
KH0059,Hoàng Công Bình,Miền Bắc,Lẻ,25/04/2024,5000000.0
KH0060,CONG TY CO PHAN DICH VU MINH PHAT,Miền Trung,Sỉ,14/06/2024,291000000.0
KH0061,Công ty Cổ phần Xây dựng An Khang,Miền Nam,Sỉ,09/12/2023,250000000.0
KH0062,Doanh nghiệp tư nhân Dịch vụ Tân Á,Miền Trung,Sỉ,18/08/2022,609000000.0
KH0063,Công ty TNHH Xây dựng Tân Á,MB,Sỉ,28/01/2024,2336000000.0
KH0064,Phạm Quốc An,Miền Trung,Lẻ,27/09/2023,5000000.0
,Đỗ Thu Anh,Miền Trung,Lẻ,19/08/2022,5000000.0
KH0066,Nguyễn Diễm Hương,Miền Nam,Lẻ,10/05/2023,5000000.0
KH0067,doanh nghiệp tư nhân thương mại thành đạt,Miền Bắc,Sỉ,05/22/2023,200000000.0
KH0068,Đặng Minh Nam,HCM,Lẻ,29/12/2023,13000000.0
KH0069,Công ty TNHH MTV Xây dựng Phú Gia,Miền Nam,Sỉ,01/02/2023,200000000.0
KH0070,Công ty TNHH MTV Xuất nhập khẩu Minh Phát,Miền Trung,Sỉ,08/11/2022,13500000000.0
KH0071,Công ty TNHH Xuất nhập khẩu Tân Phát,Miền Trung,Sỉ,01/01/2023,2158000000.0
KH0072,Trần Diễm Anh,Miền Trung,Lẻ,2023-02-14,5000000.0
KH0073,Lê Quốc Bình,Miền Trung,Lẻ,23/01/2024,5000000.0
KH0074,Phạm Xuân Sơn,Miền Nam,Lẻ,30/07/2023,25000000.0
KH0075,Công ty Cổ phần Thực phẩm Đông Á,Miền Nam,Sỉ,12/09/2023,1434000000.0
KH0076,Doanh nghiệp tư nhân Xuất nhập khẩu Tân Á,Miền Trung,Sỉ,19/08/2023,738000000.0
KH0077,Dương Kim Linh,Miền Trung,Lẻ,15/11/2023,12000000.0
KH0078,Công ty TNHH Thực phẩm Minh Phát,Miền Bắc,Sỉ,08/04/2023,200000000.0
KH0079,Ngô Công Hùng,Miền Nam,Lẻ,05/06/2023,5000000.0
KH0080,Bùi Công Cường,Miền Nam,Lẻ,01/06/2024,5000000.0
KH0081,Võ  Văn Long,Miền Nam,Lẻ,03/09/2022,27000000.0
KH0082,Doanh nghiệp tư nhân Phân phối Tân Phát,Miền Trung,Sỉ,21/09/2023,817000000.0
KH0083,Hoàng Quốc Việt,Miền Trung,Lẻ,23/08/2023,5000000.0
KH0084,Công ty TNHH MTV Phân phối Việt Thắng,Miền Trung,Sỉ,02/12/2023,254000000.0
KH0085,Công ty TNHH Phân phối Kim Long,Miền Bắc,Sỉ,2024-05-15,208000000.0
KH0086,Lý Công Long,Miền Trung,Lẻ,21/07/2024,7000000.0
KH0087,Trần Diễm  Hương,Miền Bắc,Lẻ,25/10/2022,15000000.0
KH0088,Lý Đức Bình,Miền Trung,Lẻ,20/10/2023,16000000.0
KH0089,Nguyễn Quốc Sơn,Miền Nam,Lẻ,07/07/2023,30000000.0
KH0090,Công ty TNHH MTV Xuất nhập khẩu Minh Phát,Miền Bắc,Sỉ,07/11/2022,247000000.0
KH0091,Doanh nghiệp tư nhân Phân phối Tân Á,Miền Trung,Sỉ,09/14/2022,200000000.0
,Đỗ Quốc Phong,Miền Trung,Lẻ,06/03/2023,20000000.0
KH0093,Doanh nghiệp tư nhân Xuất nhập khẩu Hưng Thịnh,Miền Nam,Sỉ,01/12/2023,1955000000.0
KH0094,công ty tnhh xuất nhập khẩu hoàng gia,Miền Trung,Sỉ,18/09/2022,632000000.0
KH0095,Công ty TNHH MTV Thương mại Hưng Thịnh,Miền Nam,Sỉ,02/07/2024,1196000000.0
KH0096,công ty cổ phần phân phối thành đạt,Trung,Sỉ,09/02/2024,467000000.0
KH0097,CONG TY TNHH MTV THUC PHAM PHU GIA,Miền Bắc,Sỉ,05/06/2024,397000000.0
KH0098,Ngô  Kim Phương,Miền Bắc,Lẻ,02/01/2023,10000000.0
KH0099,DNTN Dịch vụ Việt Phát,Miền Nam,Sỉ,18/08/2022,260000000.0
KH0100,Đặng Minh Bình,MT,Lẻ,25/03/2024,5000000.0
KH0101,Vũ Ngọc Khánh,Miền Nam,Lẻ,31/07/2024,5000000.0
KH0102,Bùi Đức Khánh,Miền Nam,Lẻ,19/10/2022,12000000.0
KH0103,Phan Thu Trang,Miền Trung,Lẻ,2023-01-15,5000000.0
KH0104,Doanh nghiệp tư nhân Thực phẩm Phú Gia,Miền Bắc,Sỉ,05/04/2023,403000000.0
KH0105,Doanh nghiệp tư nhân  Thương mại Hoàng Gia,Miền Bắc,Sỉ,04/09/2023,3666000000.0
KH0106,Hoàng Xuân Đạt,Miền Nam,Lẻ,07/07/2023,5000000.0
KH0107,Võ Thị Trang,M.Nam,Lẻ,23/12/2022,8000000.0
KH0108,Doanh nghiệp tư nhân Xuất nhập khẩu Phú Gia,Miền Nam,Sỉ,27/12/2023,2595000000.0
KH0109,Phạm Bích Huyền,Miền Bắc,Lẻ,25/09/2022,5000000.0
KH0110,Vũ Thị Lan,Miền Bắc,Lẻ,23/10/2023,5000000.0
,Công ty TNHH MTV Thực phẩm Đại Dương,North,Sỉ,18/10/2022,495000000.0
,Lý Minh Bình,Miền Nam,Lẻ,12/04/2024,5000000.0
KH0113,Công ty TNHH Phân phối Kim Long,Miền Nam,Sỉ,02/04/2024,2749000000.0
KH0114,Đỗ Văn Phong,Miền Bắc,Lẻ,02/07/2023,19000000.0
,DOANH NGHIEP TU NHAN THUONG MAI KIM LONG,Miền Nam,Sỉ,12/05/2024,630000000.0
KH0116,Công ty TNHH Xuất nhập khẩu Minh Phát,M.Bắc,Sỉ,06/11/2023,2689000000.0
KH0117,Bùi Kim Yến,Miền Bắc,Lẻ,23/03/2023,14000000.0
KH0118,Công ty TNHH MTV Thực phẩm Sao Việt,Miền Bắc,Sỉ,19/02/2024,200000000.0
KH0119,Doanh nghiệp tư nhân Xuất nhập khẩu Tân Phát,MT,Sỉ,18/10/2023,2636000000.0
KH0120,Phạm Đức Long,Miền Trung,Lẻ,28/06/2024,16000000.0
KH0121,công ty cổ phần thực phẩm đại dương,MN,Sỉ,2024-06-08,1330000000.0
,Công ty TNHH Dịch vụ Toàn Cầu,Miền Trung,Sỉ,28/10/2022,4065000000.0
KH0123,Huỳnh Bích Linh,Miền Bắc,Lẻ,31/05/2023,5000000.0
KH0124,dương quốc đạt,Miền Nam,Lẻ,01/08/2024,5000000.0
KH0125,Doanh nghiệp tư nhân Xây dựng Việt Thắng,Miền Bắc,Sỉ,25/10/2022,213000000.0
KH0126,Doanh nghiệp tư nhân Dịch vụ Hoàng Gia,Miền Bắc,Sỉ,06/01/2023,872000000.0
KH0127,Võ Kim Nhung,Miền Nam,Lẻ,30/07/2024,21000000.0
KH0128,Lý Công Việt,Miền Bắc,Lẻ,06/01/2023,20000000.0
KH0129,Công ty Cổ phần Thực phẩm Đông Á,Miền Trung,Sỉ,22/06/2023,200000000.0
KH0130,Công ty Cổ phần Xuất nhập khẩu Phú Gia,Miền Nam,Sỉ,19/11/2022,731000000.0
KH0131,Công ty TNHH MTV Phân phối Tân Phát,Miền Trung,Sỉ,08/07/2022,257000000.0
KH0132,Doanh nghiệp tư nhân Xuất nhập khẩu Đại Dương,Miền Trung,Sỉ,31/10/2023,200000000.0
KH0133,Doanh nghiệp tư nhân Thương mại Đại Dương,Miền Nam,Sỉ,05/05/2023,200000000.0
KH0134,Võ Thu Hoa,Bắc,Lẻ,15/12/2022,5000000.0
KH0135,Doanh nghiệp tư nhân Thương mại Việt Thắng,Miền Trung,Sỉ,09/02/2023,5190000000.0
KH0136,Công ty TNHH Phân phối Đại Dương,Miền Trung,Sỉ,04/11/2023,371000000.0
KH0137,DOANH NGHIEP TU NHAN PHAN PHOI DAI DUONG,Miền Trung,Sỉ,21/02/2024,541000000.0
KH0138,Trần Quốc Khánh,Miền Nam,Lẻ,23/09/2023,20000000.0
KH0139,Doanh nghiệp tư nhân Phân phối Hưng Thịnh,Miền Bắc,Sỉ,28/08/2022,1038000000.0
KH0140,Dương Xuân Khánh,Miền Bắc,Lẻ,30/07/2023,128000000.0
KH0141,Bùi Kim Phương,Miền Nam,Lẻ,2022-11-05,62000000.0
KH0142,Công ty TNHH Thực phẩm Hưng Thịnh,Miền Nam,Sỉ,05/04/2024,200000000.0
KH0143,Công ty Cổ phần Phân phối Tân Á,M.Bắc,Sỉ,31/08/2023,548000000.0
KH0144,Phạm Kim Hoa,Miền Nam,Lẻ,27/05/2023,5000000.0
KH0145,Ngô Thị Nhung,Miền Nam,Lẻ,03/09/2023,5000000.0
KH0146,Lê Thị Anh,Miền Nam,Lẻ,25/02/2024,5000000.0
KH0147,Huỳnh Thu Mai,Miền Bắc,Lẻ,09/03/2024,20000000.0
KH0148,Huỳnh Công Phong,Miền Bắc,Lẻ,22/01/2023,9000000.0
KH0149,Doanh nghiệp tư nhân Thực phẩm Việt Phát,Miền Trung,Sỉ,22/01/2023,200000000.0
KH0150,Công ty Cổ phần Xây dựng Hưng Thịnh,MB,Sỉ,04/05/2023,565000000.0
KH0151,Doanh nghiệp tư nhân Thực phẩm Kim Long,Miền Bắc,Sỉ,03/05/2023,4063000000.0
KH0152,Doanh nghiệp tư nhân Thực phẩm Đại Dương,Miền Trung,Sỉ,29/12/2022,295000000.0
KH0153,Phạm Quốc Nam,Miền Trung,Lẻ,20/01/2023,5000000.0
KH0154,Công ty TNHH MTV Phân phối Thành Đạt,Miền Bắc,Sỉ,11/05/2023,351000000.0
,Doanh nghiệp tư nhân Dịch vụ Việt Phát,Miền Nam,Sỉ,04/06/2023,18877000000.0
KH0156,Công ty TNHH Xuất nhập khẩu Thiên Phú,M.Trung,Sỉ,19/10/2022,448000000.0
KH0157,Công ty TNHH MTV Phân phối Toàn Cầu,Miền Bắc,Sỉ,16/04/2023,817000000.0
KH0158,Công ty TNHH MTV Xuất nhập khẩu Tân Á,Miền Bắc,Sỉ,03/05/2024,1200000000.0
KH0159,Công ty Cổ phần Xuất nhập khẩu Tân Phát,Miền Trung,Sỉ,01/04/2024,531000000.0
KH0160,Công ty TNHH Xây dựng Đông Á,Miền Nam,Sỉ,02/18/2023,1816000000.0
KH0161,Công ty TNHH MTV Thực phẩm Tân Á,Miền Nam,Sỉ,19/11/2022,649000000.0
KH0162,Công ty TNHH MTV Thương mại Đông Á,Miền Bắc,Sỉ,09/06/2023,783000000.0
KH0163,Hoàng Văn Sơn,Miền Trung,Lẻ,11/09/2023,12000000.0
KH0164,Doanh nghiệp tư nhân Dịch vụ Kim Long,Miền Trung,Sỉ,28/04/2024,785000000.0
KH0165,Công ty TNHH MTV Xây dựng An Khang,Miền Trung,Sỉ,05/07/2023,259000000.0
KH0166,Đặng Đức Tuấn,HCM,Lẻ,10/07/2023,11000000.0
,Trần Diễm Anh,Miền Nam,Lẻ,29/05/2024,5000000.0
,Công ty TNHH MTV Xuất nhập khẩu Phú Gia,Miền Nam,Sỉ,19/12/2022,216000000.0
KH0169,Công ty TNHH MTV Phân phối Đại Dương,Miền Trung,Sỉ,06/26/2023,260000000.0
KH0170,Trần Thu Yến,Miền Bắc,Lẻ,13/07/2024,6000000.0
KH0171,Doanh nghiệp tư nhân Xây dựng An Khang,Miền Nam,Sỉ,05/12/2023,1676000000.0
KH0172,Lê Thu Phương,Miền Trung,Lẻ,30/01/2023,5000000.0
KH0173,Võ Ngọc Linh,Miền Trung,Lẻ,24/06/2023,19000000.0
KH0174,Doanh nghiệp tư nhân Dịch vụ Hoàng Gia,Miền Bắc,Sỉ,2024-07-13,200000000.0
KH0175,Công ty TNHH Xuất nhập khẩu Hưng Thịnh,Miền Bắc,Sỉ,17/12/2023,995000000.0
KH0176,Công ty Cổ phần Xây dựng Đông Á,Miền Trung,Sỉ,07/04/2023,200000000.0
KH0177,Dương Thu Hoa,Miền Bắc,Lẻ,22/08/2023,10000000.0
KH0178,Ngô  Quốc Phong,Miền Nam,Lẻ,08/09/2023,5000000.0
KH0179,Trần Quốc Sơn,Miền Trung,Lẻ,11/26/2022,54000000.0
KH0180,Phan Thu Hoa,Miền Nam,Lẻ,22/02/2023,5000000.0
KH0181,Bùi Văn Sơn,Miền Trung,Lẻ,11/02/2024,5000000.0
KH0182,Công ty TNHH MTV Thực phẩm Kim Long,Miền Nam,Sỉ,30/06/2024,200000000.0
KH0183,Công ty TNHH Phân phối Việt Thắng,Miền Bắc,Sỉ,29/08/2022,4911000000.0
KH0184,Công ty TNHH MTV Phân phối Toàn Cầu,Miền Bắc,Sỉ,27/07/2024,1730000000.0
KH0185,Trần Văn Hùng,Miền Nam,Lẻ,24/10/2023,5000000.0
,Vũ Công Phong,Miền Trung,Lẻ,11/07/2024,15000000.0
KH0187,Công ty Cổ phần Xuất nhập  khẩu Việt Thắng,Miền Trung,Sỉ,24/09/2023,1844000000.0
KH0188,Công ty TNHH MTV Phân phối Toàn Cầu,Miền Nam,Sỉ,22/12/2022,475000000.0
KH0189,Công ty Cổ phần Xuất nhập khẩu Minh Phát,Miền Nam,Sỉ,08/06/2023,928000000.0
KH0190,Doanh nghiệp tư nhân Thực phẩm Toàn Cầu,Miền Bắc,Sỉ,17/04/2023,434000000.0
KH0191,Hoàng  Ngọc Dũng,Miền Bắc,Lẻ,06/01/2023,5000000.0
KH0192,Doanh nghiệp tư nhân Xuất nhập khẩu Kim Long,Miền Nam,Sỉ,23/08/2023,3718000000.0
KH0193,Dương Ngọc Phong,Miền Nam,Lẻ,04/11/2023,29000000.0
KH0194,Công ty TNHH MTV Thương mại Đông Á,Miền Trung,Sỉ,12/05/2023,1228000000.0
KH0195,Hoàng Hữu Đạt,Trung,Lẻ,2023-09-16,5000000.0
KH0196,Dương Công Tuấn,MN,Lẻ,02/01/2024,5000000.0
KH0197,Công ty TNHH Thương mại Hoàng Gia,Trung,Sỉ,09/02/2024,1456000000.0
KH0198,Công ty Cổ  phần Xây dựng An Khang,Miền Bắc,Sỉ,05/08/2023,3231000000.0
KH0199,Trần Bích Lan,Miền Trung,Lẻ,01/04/2024,44000000.0
KH0200,CONG TY CO PHAN XAY DUNG HOANG GIA,Miền Nam,Sỉ,28/10/2022,1781000000.0
KH0201,Công ty Cổ phần Thực phẩm Thành Đạt,Miền Bắc,Sỉ,13/04/2023,1078000000.0
KH0202,Công ty TNHH MTV Xây dựng Đại Dương,North,Sỉ,12/06/2024,200000000.0
KH0203,Công ty TNHH MTV Xây dựng Minh Phát,Miền Bắc,Sỉ,19/01/2023,200000000.0
KH0204,Công ty TNHH Xây dựng Thành Đạt,Central,Sỉ,20/04/2024,2917000000.0
KH0205,Công ty TNHH MTV Xây dựng Hoàng Gia,Miền Trung,Sỉ,29/02/2024,429000000.0
KH0206,Nguyễn Văn  Cường,Miền Bắc,Lẻ,25/06/2024,5000000.0
KH0207,Đỗ Hữu Việt,Miền Bắc,Lẻ,15/09/2023,5000000.0
KH0208,Trần Ngọc Phong,Miền Trung,Lẻ,16/10/2023,8000000.0
KH0209,Công ty TNHH Xuất nhập khẩu Kim Long,Miền Trung,Sỉ,12/08/2022,200000000.0
KH0210,Đặng Quốc Nam,Miền Bắc,Lẻ,23/04/2023,5000000.0
KH0211,Công ty TNHH Thương mại Tân Phát,Miền Trung,Sỉ,06/01/2024,828000000.0
KH0212,Doanh nghiệp tư nhân Xuất nhập khẩu Minh Phát,Miền Trung,Sỉ,24/02/2024,877000000.0
KH0213,VU KIM HOA,Miền Trung,Lẻ,06/07/2024,9000000.0
KH0214,Công ty TNHH Dịch vụ Đại Dương,Miền Trung,Sỉ,16/03/2023,314000000.0
KH0215,Trần Ngọc  Long,Miền Nam,Lẻ,20/08/2023,17000000.0
KH0216,Đặng Kim Phương,MN,Lẻ,19/11/2023,8000000.0
KH0217,Đặng Hữu Đạt,Miền Nam,Lẻ,09/07/2024,5000000.0
KH0218,Bùi Bích Yến,Miền Bắc,Lẻ,03/01/2023,17000000.0
,DUONG MINH DUNG,Miền Trung,Lẻ,27/08/2022,7000000.0
KH0220,Phan Minh Long,Miền Nam,Lẻ,17/11/2022,37000000.0
KH0221,Doanh nghiệp tư nhân Phân phối Minh Phát,Miền Trung,Sỉ,01/10/2023,596000000.0
KH0222,Công ty TNHH MTV Xuất nhập khẩu Hoàng Gia,Miền Nam,Sỉ,28/11/2022,1514000000.0
KH0223,Bùi Đức Tuấn,Miền Bắc,Lẻ,24/07/2023,5000000.0
KH0224,Doanh nghiệp tư nhân Thương mại Hưng Thịnh,Miền Bắc,Sỉ,19/07/2023,463000000.0
KH0225,công ty tnhh thương mại toàn cầu,Miền Nam,Sỉ,01/03/2023,200000000.0
KH0226,Công ty TNHH Phân phối Thiên Phú,Miền Bắc,Sỉ,09/12/2023,200000000.0
KH0227,Ngô Văn Sơn,Miền Trung,Lẻ,02/12/2023,118000000.0
KH0228,công ty tnhh mtv phân phối minh phát,Miền Trung,Sỉ,24/10/2023,527000000.0
KH0229,Doanh nghiệp tư nhân Dịch vụ Toàn Cầu,Miền Bắc,Sỉ,24/06/2023,3442000000.0
KH0230,DUONG THI LINH,Miền Trung,Lẻ,05/06/2023,5000000.0
KH0231,Công ty TNHH MTV Dịch vụ Minh Phát,Miền Nam,Sỉ,29/07/2024,1471000000.0
KH0232,CONG TY CO PHAN XAY DUNG TAN PHAT,Miền Nam,Sỉ,25/08/2022,632000000.0
KH0233,Công ty Cổ phần Thương mại Thiên Phú,Miền Nam,Sỉ,26/05/2024,650000000.0
KH0234,Công ty TNHH MTV Thương mại Sao Việt,Miền Trung,Sỉ,25/06/2024,538000000.0
KH0235,Công ty Cổ phần Xuất nhập khẩu Thành Đạt,Miền Nam,Sỉ,08/04/2023,200000000.0
KH0236,Cty TNHH MTV Thương mại Việt Phát,Miền Bắc,Sỉ,27/01/2023,1372000000.0
KH0237,Công ty TNHH MTV Phân phối Tân Á,Miền Nam,Sỉ,12/01/2023,282000000.0
KH0238,Lý Văn Cường,Miền Trung,Lẻ,26/02/2024,5000000.0
KH0239,Công ty Cổ phần Thực phẩm Đông Á,Miền Trung,Sỉ,18/11/2023,1151000000.0
KH0240,Công ty TNHH Xây dựng Thành Đạt,Miền Nam,Sỉ,20/09/2023,226000000.0
KH0241,công ty tnhh phân phối an khang,M.Bắc,Sỉ,06/02/2023,3114000000.0
KH0242,Doanh nghiệp tư nhân Xuất nhập khẩu Việt Thắng,Miền Bắc,Sỉ,18/05/2024,8120000000.0
KH0243,Huỳnh Quốc Việt,Miền Bắc,Lẻ,18/10/2023,56000000.0
KH0244,Huỳnh Bích Thảo,Miền Trung,Lẻ,31/08/2022,7000000.0
KH0245,Trần Ngọc Hương,M.Bắc,Lẻ,20/02/2023,5000000.0
KH0246,Công ty TNHH Phân phối Hưng Thịnh,Miền Trung,Sỉ,30/03/2024,4419000000.0
KH0247,Hoàng Xuân Nam,Miền Nam,Lẻ,04/09/2023,8000000.0
KH0248,Doanh nghiệp tư nhân Xuất nhập khẩu Sao Việt,Miền Nam,Sỉ,23/07/2024,7673000000.0
KH0249,phạm thị mai,Miền Trung,Lẻ,02/28/2023,50000000.0
KH0250,Phan Minh Phong,Miền Trung,Lẻ,22/07/2024,20000000.0
KH0251,Công ty TNHH MTV Thương mại Kim Long,Miền Nam,Sỉ,15/03/2024,269000000.0
KH0252,Phan Thị Anh,Miền Nam,Lẻ,02/02/2024,5000000.0
,Phạm Công Hải,Miền Trung,Lẻ,11/08/2023,27000000.0
,Lê Thu Mai,Miền Nam,Lẻ,19/02/2023,8000000.0
KH0255,CONG TY TNHH THUONG MAI TAN PHAT,Miền Nam,Sỉ,26/11/2022,353000000.0
,Doanh nghiệp tư nhân Xây dựng Đại Dương,Miền Bắc,Sỉ,18/06/2024,598000000.0
KH0257,Phan Ngọc Phương,Miền Bắc,Lẻ,24/01/2024,61000000.0
KH0258,Công ty TNHH MTV  Thương mại Đông Á,Miền Nam,Sỉ,18/06/2023,827000000.0
KH0259,Công ty TNHH Xuất nhập khẩu Thành Đạt,Miền Nam,Sỉ,03/09/2023,840000000.0
KH0260,Doanh nghiệp tư nhân Thương mại Hoàng Gia,Miền Bắc,Sỉ,07/09/2023,211000000.0
KH0261,Đặng Xuân Việt,Miền Nam,Lẻ,26/11/2022,15000000.0
KH0262,Doanh nghiệp tư nhân Dịch vụ Minh Phát,Miền Trung,Sỉ,28/07/2023,23636000000.0
KH0263,Phan Ngọc Cường,Miền Nam,Lẻ,25/04/2024,5000000.0
KH0264,Doanh nghiệp tư nhân Phân phối Thiên Phú,Miền Nam,Sỉ,21/06/2024,564000000.0
KH0265,Công ty TNHH Xuất nhập khẩu Minh Phát,Miền Trung,Sỉ,22/04/2024,2368000000.0
KH0266,Phạm Xuân  Phong,Miền Bắc,Lẻ,27/10/2022,13000000.0
KH0267,Trần Quốc Việt,Miền Nam,Lẻ,18/06/2023,14000000.0
KH0268,Công ty TNHH MTV Xây dựng Hoàng Gia,Miền Bắc,Sỉ,03/04/2023,2355000000.0
KH0269,Ngô Hữu Phong,Miền Bắc,Lẻ,29/11/2022,5000000.0
KH0270,Võ Ngọc Khánh,Miền Nam,Lẻ,19/08/2023,5000000.0
KH0271,Công ty Cổ phần Xây dựng Minh Phát,Miền Nam,Sỉ,07/01/2024,1613000000.0
KH0272,Lê Đức Sơn,Miền Bắc,Lẻ,04/10/2023,14000000.0
KH0273,Công ty Cổ phần Phân phối Hưng Thịnh,Miền Nam,Sỉ,21/12/2022,2274000000.0
KH0274,Công ty Cổ phần Phân phối Tân Phát,SG,Sỉ,29/08/2023,2765000000.0
KH0275,Vũ Bích Nhung,Miền Bắc,Lẻ,08/02/2023,11000000.0
KH0276,Công ty TNHH MTV Phân phối Hoàng Gia,Miền Bắc,Sỉ,13/05/2024,750000000.0
KH0277,Công ty Cổ phần Xuất nhập khẩu Hưng Thịnh,MT,Sỉ,12/07/2024,1062000000.0
KH0278,Doanh nghiệp tư nhân Xuất nhập khẩu Tân Á,Miền Nam,Sỉ,26/01/2023,555000000.0
KH0279,Ngô Văn Khánh,Miền Trung,Lẻ,19/01/2023,12000000.0
KH0280,Võ Minh Nam,MB,Lẻ,24/05/2023,33000000.0
KH0281,Công ty TNHH Thương mại Thiên Phú,MN,Sỉ,09/02/2023,2214000000.0
KH0282,Dương Hữu Sơn,Miền Bắc,Lẻ,06/11/2023,6000000.0
KH0283,Doanh nghiệp tư nhân Xuất nhập khẩu Phú Gia,Miền Nam,Sỉ,25/09/2022,455000000.0
KH0284,Vũ Bích Trang,Miền Nam,Lẻ,11/08/2022,5000000.0
,Phạm Minh Phong,Miền Trung,Lẻ,2022-12-19,5000000.0
KH0286,Lê Kim Hoa,Miền Bắc,Lẻ,30/08/2023,5000000.0
KH0287,Công ty TNHH MTV Phân phối Hưng Thịnh,SG,Sỉ,01/01/2024,448000000.0
KH0288,Công ty Cổ phần Thương mại Kim Long,Miền Trung,Sỉ,21/12/2023,967000000.0
KH0289,Đỗ Minh Phong,Miền Bắc,Lẻ,03/07/2024,5000000.0
KH0290,Võ Thu Mai,Miền Trung,Lẻ,01/10/2023,6000000.0
KH0291,Công ty TNHH MTV Xuất nhập khẩu Toàn Cầu,Miền Bắc,Sỉ,15/12/2023,200000000.0
KH0292,Công ty TNHH MTV Phân phối  Phú Gia,Miền Nam,Sỉ,25/10/2022,200000000.0
KH0293,Ngô Thu Hoa,Miền Trung,Lẻ,02/09/2022,13000000.0
KH0294,Công ty TNHH MTV Thương mại Đông Á,Miền Trung,Sỉ,28/05/2023,200000000.0
KH0295,Hoàng Đức Khánh,Miền Nam,Lẻ,10/05/2023,5000000.0
KH0296,Công ty TNHH Thực phẩm Đại Dương,Miền Bắc,Sỉ,03/02/2024,573000000.0
KH0297,Lý Xuân Cường,Miền Nam,Lẻ,21/01/2023,23000000.0
KH0298,Đặng Thị Linh,Miền Trung,Lẻ,03/03/2024,5000000.0
KH0299,Doanh nghiệp tư nhân Phân phối Hoàng Gia,Miền Nam,Sỉ,15/02/2024,759000000.0
KH0300,Công ty Cổ phần Phân phối Hưng Thịnh,Miền Trung,Sỉ,25/11/2022,200000000.0
KH0301,DNTN Thực phẩm Thiên Phú,Miền Nam,Sỉ,26/11/2022,200000000.0
KH0302,Công ty TNHH Dịch vụ Tân Á,Miền Bắc,Sỉ,09/02/2024,765000000.0
KH0303,Công ty Cổ phần Xây dựng Hoàng Gia,Miền Trung,Sỉ,08/02/2024,596000000.0
KH0304,Ngô Công Cường,Miền Trung,Lẻ,27/10/2023,20000000.0
KH0305,Công ty Cổ phần Thương mại Tân Á,Miền Bắc,Sỉ,13/03/2023,1583000000.0
KH0306,Dương Bích Huyền,Miền Nam,Lẻ,14/11/2022,79000000.0
KH0307,Công ty TNHH Phân phối Hoàng Gia,Bắc,Sỉ,12/04/2023,635000000.0
KH0308,Công ty Cổ phần Thực phẩm Đông Á,Miền Nam,Sỉ,04/09/2022,404000000.0
KH0309,Lê  Đức Việt,Miền Bắc,Lẻ,28/04/2023,16000000.0
KH0310,Vũ Ngọc Tuấn,Miền Bắc,Lẻ,30/10/2022,5000000.0
KH0311,Công ty Cổ phần Xuất nhập khẩu Tân Á,Miền Trung,Sỉ,30/11/2022,540000000.0
KH0312,Ngô Kim Lan,Miền Trung,Lẻ,04/03/2023,5000000.0
KH0313,Công ty Cổ phần Dịch vụ Tân Phát,Miền Nam,Sỉ,07/07/2024,210000000.0
KH0314,Công ty Cổ phần Dịch vụ Việt Thắng,Miền Bắc,Sỉ,29/07/2024,9304000000.0
KH0315,Doanh nghiệp tư nhân Dịch vụ Đông Á,Miền Nam,Sỉ,10/05/2024,1642000000.0
KH0316,Võ Ngọc Lan,Miền Bắc,Lẻ,18/01/2023,17000000.0
KH0317,Ngô Thu Anh,Miền Bắc,Lẻ,22/12/2022,5000000.0
KH0318,Doanh nghiệp tư nhân Dịch vụ Minh Phát,Miền Trung,Sỉ,01/03/2023,320000000.0
KH0319,Công ty TNHH Dịch vụ Hưng Thịnh,Bắc,Sỉ,07/03/2024,200000000.0
KH0320,Công ty Cổ phần Dịch vụ Việt Thắng,MT,Sỉ,29/01/2024,200000000.0
,Công ty Cổ phần Xuất nhập khẩu Hưng Thịnh,Miền Trung,Sỉ,04/04/2024,944000000.0
KH0322,Lý Minh Khánh,Miền Bắc,Lẻ,21/01/2023,18000000.0
KH0323,Công ty TNHH Xuất nhập khẩu Phú Gia,Miền Bắc,Sỉ,22/07/2024,1055000000.0
KH0324,Doanh nghiệp tư nhân Thực phẩm Thiên Phú,Miền Nam,Sỉ,25/05/2023,346000000.0
,Phạm Hữu Khánh,Miền Nam,Lẻ,02/05/2023,50000000.0
KH0326,PHAM HUU DAT,Miền Nam,Lẻ,27/06/2024,26000000.0
KH0327,Công ty TNHH MTV Xây dựng Đại Dương,Miền Trung,Sỉ,18/12/2022,1168000000.0
,Nguyễn Minh Việt,Miền Trung,Lẻ,01/10/2022,12000000.0
KH0329,công ty cổ phần phân phối tân phát,Miền Trung,Sỉ,03/06/2024,200000000.0
KH0330,Doanh nghiệp tư nhân Thực phẩm Thành Đạt,Miền Trung,Sỉ,20/07/2024,439000000.0
KH0331,Lý Quốc Dũng,Miền Trung,Lẻ,14/04/2023,5000000.0
KH0332,công ty cổ phần thực phẩm toàn cầu,Miền Trung,Sỉ,30/07/2024,1372000000.0
KH0333,Trần Ngọc Linh,Miền Bắc,Lẻ,12/04/2023,5000000.0
KH0334,Công ty TNHH Thương mại Kim Long,Miền Nam,Sỉ,16/12/2023,200000000.0
KH0335,DNTN Phân phối Việt Thắng,Miền Nam,Sỉ,15/03/2024,200000000.0
KH0336,Trần Minh Sơn,Miền Nam,Lẻ,2023-05-04,5000000.0
KH0337,Võ Công Việt,Miền Bắc,Lẻ,30/09/2023,30000000.0
KH0338,Lê Văn Sơn,Miền Nam,Lẻ,07/11/2023,14000000.0
KH0339,CONG TY TNHH MTV XAY DUNG TOAN CAU,Miền Trung,Sỉ,11/05/2024,718000000.0
KH0340,Công ty Cổ phần Phân phối Hưng Thịnh,Miền Bắc,Sỉ,18/09/2023,200000000.0
KH0341,Công ty TNHH MTV Thương mại Thành Đạt,Miền Bắc,Sỉ,13/05/2023,703000000.0
KH0342,Doanh nghiệp tư nhân Xuất nhập khẩu Phú Gia,Miền Nam,Sỉ,10/11/2023,269000000.0
KH0343,Bùi Ngọc Hùng,Miền Trung,Lẻ,03/07/2023,5000000.0
KH0344,Đỗ Hữu Khánh,South,Lẻ,04/08/2022,5000000.0
KH0345,Phạm Diễm Hoa,Miền Bắc,Lẻ,11/14/2023,5000000.0
,Công ty TNHH MTV Xây dựng Phú Gia,Miền Nam,Sỉ,12/06/2024,918000000.0
KH0347,Huỳnh Diễm Hương,Miền Bắc,Lẻ,05/10/2022,9000000.0
KH0348,Dương Kim Yến,Miền Bắc,Lẻ,13/09/2023,5000000.0
KH0349,Vũ Ngọc Hoa,Miền Bắc,Lẻ,15/10/2023,5000000.0
KH0350,Đỗ Kim Anh,Miền Trung,Lẻ,21/12/2023,9000000.0
KH0351,Công ty TNHH MTV Xây dựng Phú Gia,Miền Trung,Sỉ,28/06/2023,724000000.0
KH0352,Công ty Cổ phần Thương mại Hoàng Gia,Miền Nam,Sỉ,13/07/2023,1948000000.0
KH0353,Lý Xuân Đạt,Miền Nam,Lẻ,15/03/2024,14000000.0
KH0354,Doanh nghiệp tư nhân Dịch vụ Phú Gia,Miền Nam,Sỉ,03/03/2024,244000000.0
,Ngô Thu Mai,Miền Trung,Lẻ,19/07/2023,5000000.0
KH0356,Công ty TNHH Phân phối Hoàng Gia,Miền Nam,Sỉ,18/09/2022,1092000000.0
KH0357,Công ty TNHH MTV Thương mại Thiên Phú,Miền Trung,Sỉ,04/05/2024,215000000.0
KH0358,Phan Diễm Nhung,Miền Bắc,Lẻ,18/08/2022,5000000.0
,Lý Thu Hương,Miền Bắc,Lẻ,10/01/2023,51000000.0
KH0360,VU THU HUYEN,Miền Trung,Lẻ,12/11/2023,7000000.0
KH0361,Võ Hữu Việt,Miền Trung,Lẻ,14/10/2023,5000000.0
KH0362,Doanh nghiệp tư nhân Thương mại Toàn Cầu,Miền Bắc,Sỉ,07/07/2024,882000000.0
KH0363,Đặng Ngọc Phương,Miền Trung,Lẻ,28/05/2024,5000000.0
,Công ty TNHH MTV Dịch vụ Minh Phát,Miền Bắc,Sỉ,11/01/2023,473000000.0
KH0365,Trần Quốc Hùng,Miền Nam,Lẻ,05/11/2022,46000000.0
KH0366,Doanh nghiệp tư nhân Thực phẩm Toàn Cầu,Miền Bắc,Sỉ,06/08/2023,991000000.0
KH0367,Lê Thu Nhung,Miền Bắc,Lẻ,25/10/2022,67000000.0
KH0368,Công ty TNHH Phân phối Thiên Phú,Miền Nam,Sỉ,12/06/2024,2802000000.0
KH0369,Doanh nghiệp tư nhân Dịch vụ Phú Gia,Trung,Sỉ,18/01/2023,200000000.0
KH0370,Trần Kim Mai,Miền Nam,Lẻ,09/11/2023,5000000.0
KH0371,Võ Diễm Hương,Miền Bắc,Lẻ,10/06/2023,5000000.0
KH0372,CONG TY TNHH XAY DUNG VIET THANG,Miền Bắc,Sỉ,15/10/2023,200000000.0
KH0373,Nguyễn Công Hải,Miền Bắc,Lẻ,03/11/2022,5000000.0
KH0374,Bùi Xuân Sơn,Miền Bắc,Lẻ,03/08/2022,11000000.0
KH0375,Công ty TNHH Thực phẩm  Đại Dương,M.Bắc,Sỉ,03/12/2023,230000000.0
KH0376,Bùi Ngọc Khánh,Miền Nam,Lẻ,15/12/2022,8000000.0
KH0377,Vũ Bích  Hương,Miền Bắc,Lẻ,21/03/2023,21000000.0
KH0378,Võ Ngọc Tuấn,Miền Trung,Lẻ,28/06/2024,30000000.0
KH0379,Hoàng Hữu An,Miền Nam,Lẻ,11/08/2022,22000000.0
KH0380,Đỗ Xuân Phong,Miền Nam,Lẻ,14/07/2024,5000000.0
KH0381,Trần Quốc Việt,SG,Lẻ,03/12/2022,5000000.0
KH0382,Doanh nghiệp tư nhân Xây dựng Tân Á,Miền Bắc,Sỉ,12/07/2024,596000000.0
KH0383,DOANH NGHIEP TU NHAN XAY DUNG MINH PHAT,Miền Bắc,Sỉ,04/12/2023,827000000.0
KH0384,Lê Kim Hương,Miền Nam,Lẻ,24/03/2023,24000000.0
KH0385,Lý Thị Huyền,Miền Bắc,Lẻ,01/11/2022,18000000.0
KH0386,Công ty TNHH MTV Phân  phối Thiên Phú,Miền Trung,Sỉ,15/11/2022,1395000000.0
KH0387,DO QUOC HUNG,Miền Trung,Lẻ,13/08/2023,8000000.0
KH0388,Dương Đức Hải,Miền Bắc,Lẻ,20/12/2022,5000000.0
KH0389,Công ty TNHH MTV Thực phẩm Kim Long,Miền Nam,Sỉ,16/12/2022,1436000000.0
KH0390,Trần Ngọc Lan,Miền Bắc,Lẻ,25/06/2024,18000000.0
KH0391,Ngô Ngọc Phong,Miền Bắc,Lẻ,11/10/2022,167000000.0
KH0392,Công ty TNHH MTV Xuất nhập khẩu Đại Dương,North,Sỉ,29/02/2024,415000000.0
KH0393,Đặng Thị Linh,Miền Nam,Lẻ,17/04/2024,7000000.0
KH0394,Phan Diễm Nhung,Trung,Lẻ,17/01/2023,16000000.0
KH0395,Võ Xuân Đạt,Miền Bắc,Lẻ,27/07/2023,5000000.0
KH0396,Đặng Ngọc Tuấn,Miền Nam,Lẻ,06/05/2024,45000000.0
KH0397,Trần Ngọc Cường,Miền Nam,Lẻ,27/09/2023,19000000.0
KH0398,Công ty Cổ phần Xây dựng Toàn Cầu,Miền Trung,Sỉ,05/07/2024,380000000.0
KH0399,Võ Thị Hoa,Miền Nam,Lẻ,12/03/2023,13000000.0
,Công ty Cổ phần Dịch vụ Việt Phát,Miền Nam,Sỉ,12/11/2022,1484000000.0
KH0401,công ty cổ phần dịch vụ kim long,Miền Nam,Sỉ,06/12/2022,200000000.0
KH0402,Huỳnh Bích Linh,Miền Trung,Lẻ,30/08/2023,28000000.0
KH0403,Dương Công Tuấn,Miền Bắc,Lẻ,15/10/2023,6000000.0
KH0404,Công ty TNHH MTV Xây dựng Tân Á,Miền Trung,Sỉ,12/23/2022,2274000000.0
KH0405,CONG TY TNHH THUC PHAM VIET PHAT,Miền Bắc,Sỉ,12/05/2023,387000000.0
KH0406,Đặng Ngọc Hương,MN,Lẻ,27/10/2022,40000000.0
KH0407,Công ty TNHH MTV Thực phẩm Phú Gia,Miền Nam,Sỉ,19/02/2024,389000000.0
KH0408,Công ty TNHH Thương mại Phú Gia,Miền Bắc,Sỉ,07/04/2024,200000000.0
KH0409,Công ty TNHH MTV Phân phối An Khang,Miền Trung,Sỉ,20/05/2023,2269000000.0
,Doanh nghiệp tư nhân Thực phẩm Thành Đạt,Miền Trung,Sỉ,06/06/2024,200000000.0
KH0411,Doanh nghiệp tư nhân Phân phối Tân Á,Miền Trung,Sỉ,28/02/2023,429000000.0
,Công ty TNHH MTV Xuất nhập khẩu Kim Long,MB,Sỉ,14/04/2024,4269000000.0
KH0413,Ngô Kim Linh,Miền Nam,Lẻ,11/02/2023,53000000.0
KH0414,Doanh nghiệp tư nhân Thương mại Phú Gia,Miền Nam,Sỉ,31/05/2023,912000000.0
KH0415,LE MINH NAM,Miền Nam,Lẻ,26/09/2022,5000000.0
KH0416,Phạm Đức Khánh,MB,Lẻ,21/12/2023,5000000.0
KH0417,Công ty TNHH MTV Phân phối Thiên Phú,Miền Nam,Sỉ,25/11/2022,200000000.0
KH0418,Phan Ngọc Phong,Miền Nam,Lẻ,26/12/2023,5000000.0
KH0419,Võ Công Nam,Miền Trung,Lẻ,01/04/2024,12000000.0
KH0420,Trần Công Cường,Miền Nam,Lẻ,24/01/2024,12000000.0
KH0421,Công ty TNHH Thương mại Tân Á,Miền Trung,Sỉ,06/08/2023,1786000000.0
KH0422,Doanh nghiệp tư nhân Thực phẩm Toàn Cầu,Miền Bắc,Sỉ,15/12/2022,960000000.0
KH0423,Công ty Cổ phần Xây dựng Hoàng Gia,Miền Trung,Sỉ,06/03/2024,236000000.0
KH0424,Công ty TNHH MTV Xây dựng Việt Phát,Miền Nam,Sỉ,11/08/2023,771000000.0
KH0425,Vũ Kim Nhung,HCM,Lẻ,01/07/2024,5000000.0
KH0426,Công ty TNHH MTV Xuất nhập khẩu Thành Đạt,Miền Trung,Sỉ,27/11/2023,388000000.0
,Công ty TNHH Xuất nhập khẩu Việt Thắng,MN,Sỉ,19/08/2022,409000000.0
KH0428,Phạm Ngọc An,Miền Trung,Lẻ,10/10/2022,16000000.0
,Công ty TNHH Dịch vụ Tân Phát,M.Nam,Sỉ,27/04/2023,200000000.0
KH0430,Doanh nghiệp tư nhân Dịch vụ Thành Đạt,Miền Trung,Sỉ,11/09/2022,218000000.0
KH0431,Công ty TNHH Xuất nhập khẩu Đại Dương,Miền Trung,Sỉ,13/09/2023,677000000.0
KH0432,Lý Ngọc Hải,Miền Bắc,Lẻ,22/05/2023,12000000.0
KH0433,DOANH NGHIEP TU NHAN DICH VU PHU GIA,Miền Trung,Sỉ,31/07/2024,444000000.0
KH0434,Phan Công Khánh,Miền Trung,Lẻ,01/10/2023,5000000.0
KH0435,Võ Xuân Phong,Miền Bắc,Lẻ,20/07/2024,5000000.0
KH0436,Vũ Thu Thảo,Miền Nam,Lẻ,25/10/2022,8000000.0
KH0437,Bùi Ngọc Hoa,Miền Trung,Lẻ,02/02/2024,26000000.0
KH0438,Phan Ngọc Phong,Miền Bắc,Lẻ,23/04/2024,25000000.0
KH0439,Công ty TNHH MTV Xây dựng An Khang,Miền Bắc,Sỉ,05/13/2023,1108000000.0
KH0440,Đặng Bích Anh,Miền Trung,Lẻ,15/06/2023,5000000.0
KH0441,Nguyễn Ngọc Hải,Miền Nam,Lẻ,07/01/2024,5000000.0
KH0442,Vũ Ngọc Thảo,Miền Bắc,Lẻ,08/01/2023,180000000.0
KH0443,Công ty Cổ phần Dịch vụ Hoàng Gia,Miền Trung,Sỉ,02/07/2023,206000000.0
KH0444,Lê Quốc Sơn,Miền Bắc,Lẻ,24/03/2024,5000000.0
KH0445,Huỳnh Bích Phương,Miền Nam,Lẻ,28/05/2024,18000000.0
KH0446,Doanh nghiệp tư nhân Phân phối Tân Á,M.Trung,Sỉ,08/10/2022,6070000000.0
KH0447,Vũ Thu Mai,Miền Trung,Lẻ,17/07/2024,168000000.0
KH0448,Bùi Xuân Sơn,Miền Nam,Lẻ,03/04/2023,14000000.0
KH0449,Công ty TNHH MTV Phân phối Thành Đạt,M.Nam,Sỉ,09/04/2023,220000000.0
KH0450,Đặng Công Việt,Miền Bắc,Lẻ,20/10/2023,14000000.0
