MaNhaCungCap,TenNhaCungCap,Vung,NgayHopTac
NCC001,Công ty TNHH Thương mại Tân Phát,Miền Trung,03/08/2022
NCC002,Công ty TNHH Thương mại Đông Á,Miền Bắc,04/10/2023
NCC003,Công ty TNHH Thương mại Sao  Việt,Miền Bắc,25/03/2023
NCC004,Công ty Cổ phần Thương mại Đông Á,Miền Nam,22/02/2022
NCC005,Công ty TNHH MTV Xây dựng Kim Long,Miền Bắc,01/10/2023
NCC006,Công ty TNHH MTV Xuất nhập khẩu Đại Dương,Miền Trung,18/01/2024
NCC007,Công ty Cổ phần Thực phẩm Việt Phát,Miền Trung,21/07/2022
NCC008,Công ty TNHH Thương mại Thiên Phú,Miền Bắc,12/04/2024
NCC009,Công ty TNHH MTV Xuất nhập khẩu Việt Thắng,Miền Nam,25/10/2022
NCC010,Cty TNHH MTV Thực phẩm Việt Thắng,Miền Bắc,09/07/2023
NCC011,Công ty Cổ phần Phân phối Việt Phát,Miền Bắc,16/01/2024
NCC012,Doanh nghiệp tư nhân Phân phối Toàn Cầu,Miền Trung,25/01/2023
NCC013,Công ty TNHH MTV Dịch vụ Tân Phát,Miền Nam,15/04/2022
NCC014,Công ty Cổ phần Thương mại Việt Thắng,Miền Bắc,12/02/2023
NCC015,Công ty TNHH MTV Dịch vụ Toàn Cầu,Miền Nam,20/07/2022
NCC016,Công ty TNHH MTV Xây dựng Tân Á,Miền Nam,03/05/2024
NCC017,Công ty TNHH Thương mại Đại Dương,Miền Bắc,21/06/2022
NCC018,Công ty TNHH MTV Dịch vụ Tân Phát,Miền Trung,09/10/2022
NCC019,Công ty TNHH Phân phối Tân Phát,Miền Trung,07/09/2023
NCC020,Doanh nghiệp tư nhân Dịch vụ Thành Đạt,Miền Nam,2024-03-28
NCC021,Doanh nghiệp tư nhân Dịch vụ Kim Long,Miền Trung,17/05/2024
NCC022,Công ty TNHH Thực phẩm Thiên Phú,Miền Trung,04/03/2024
NCC023,Công ty Cổ phần Xuất nhập khẩu Toàn Cầu,Miền Bắc,06/03/2022
NCC024,Doanh nghiệp tư nhân Xây dựng Việt Phát,Miền Nam,14/02/2023
NCC025,Doanh nghiệp tư nhân Xuất nhập khẩu Kim Long,Miền Nam,27/10/2022
NCC026,Công ty TNHH MTV Thương mại Toàn Cầu,Miền Bắc,24/06/2023
NCC027,Công ty Cổ phần Thực phẩm Sao Việt,Miền Nam,08/09/2023
NCC028,Công ty TNHH MTV Phân phối Sao Việt,Miền Nam,22/08/2023
NCC029,Doanh nghiệp tư  nhân Xây dựng Hưng Thịnh,Miền Nam,26/08/2022
NCC030,Công ty Cổ phần Xây dựng Tân Á,Miền Bắc,23/08/2022
NCC031,Công ty TNHH Phân phối Việt Thắng,Miền Trung,04/02/2023
NCC032,Doanh nghiệp tư nhân Dịch vụ Tân Phát,Miền Trung,03/03/2024
NCC033,Công ty Cổ phần Dịch vụ Thành Đạt,Miền Nam,21/11/2022
NCC034,Công ty Cổ phần Thương mại Thành Đạt,Miền Trung,13/07/2024
NCC035,Công ty Cổ phần Thương mại Tân Á,Miền Bắc,27/07/2022
NCC036,Công ty TNHH MTV Xây dựng Việt Thắng,Miền Trung,10/08/2023
NCC037,Công ty TNHH Xây dựng Hưng Thịnh,Miền Bắc,19/05/2023
NCC038,công ty cổ phần thương mại tân phát,Miền Nam,01/06/2024
NCC039,Công ty Cổ phần Dịch vụ Toàn Cầu,Miền Bắc,21/08/2023
NCC040,Công ty TNHH MTV Xuất nhập khẩu Thiên Phú,Miền Bắc,23/05/2023
NCC041,Doanh nghiệp tư nhân Phân phối Phú Gia,Miền Bắc,2024-04-17
NCC042,Công ty TNHH MTV Thương mại Đại Dương,Miền Nam,16/07/2023
NCC043,Công ty TNHH Dịch vụ Đông Á,Miền Trung,05/03/2024
NCC044,Công ty TNHH Thực phẩm Tân Phát,Miền Trung,04/03/2022
NCC045,Công ty Cổ phần Xây dựng Sao Việt,Miền Bắc,09/07/2024
