MaChiPhi,Thang,KhoanMuc,SoTien
cp00001,01/08/2024,Lương nhân viên,6654045000.0
cp00002,01/08/2024,Thuê mặt bằng,1743821000.0
cp00003,01/08/2024,Marketing,1915883000.0
cp00004,2024-08,Vận chuyển,2059912000.0
cp00005,01/08/2024,Điện nước văn phòng,104334000.0
cp00006,2024-08,Khấu hao thiết bị,304731000.0
cp00007,01/08/2024,Chi phí khác,145688000.0
CP00008,01/09/2024,Lương nhân viên,5603768000.0
CP00009,01/09/2024,Thuê mặt bằng,1884498000.0
cp00010,01/09/2024,Marketing,3590064000.0
cp00011,01/09/2024,Vận chuyển,2203610000.0
cp00012,01/09/2024,Điện nước văn phòng,108190000.0
cp00013,2024-09,Khấu hao thiết bị,203684000.0
cp00014,01/09/2024,Chi phí khác,167187000.0
cp00015,01/10/2024,Lương nhân viên,5602128000.0
cp00016,01/10/2024,Thuê mặt bằng,1904389000.0
cp00017,01/10/2024,Marketing,2105519000.0
cp00018,01/10/2024,Vận chuyển,2838905000.0
cp00019,01/10/2024,Điện nước văn phòng,135456000.0
cp00020,01/10/2024,Khấu hao thiết bị,284669000.0
cp00021,10/01/2024,Chi phí khác,110339000.0
cp00022,01/11/2024,Lương nhân viên,6135973000.0
cp00023,01/11/2024,Thuê mặt bằng,1887033000.0
cp00024,01/11/2024,Marketing,3808311000.0
cp00025,01/11/2024,Vận chuyển,1718542000.0
cp00026,01/11/2024,Điện nước văn phòng,161144000.0
cp00027,01/11/2024,Khấu hao thiết bị,296119000.0
cp00028,01/11/2024,,238533000.0
cp00029,01/12/2024,Lương nhân viên,5503696000.0
cp00030,01/12/2024,Thuê mặt bằng,1473548000.0
CP00031,01/12/2024,Marketing,5244609000.0
cp00032,01/12/2024,Vận chuyển,1501752000.0
cp00033,01/12/2024,Điện nước văn phòng,89472000.0
CP00034,01/12/2024,Khấu hao thiết bị,273017000.0
cp00035,01/12/2024,Chi phí khác,72323000.0
cp00036,01/01/2025,Lương nhân viên,5266331000.0
cp00037,01/01/2025,Thuê mặt bằng,1828224000.0
cp00038,01/01/2025,Marketing,4413402000.0
cp00039,01/01/2025,Vận chuyển,1169629000.0
cp00040,01/01/2025,Điện nước văn phòng,147429000.0
cp00041,01/01/2025,Khấu hao thiết bị,295473000.0
cp00042,01/01/2025,Chi phí khác,75603000.0
cp00043,01/02/2025,Lương nhân viên,4988812000.0
cp00044,2025-02,Thuê mặt bằng,1502180000.0
CP00045,01/02/2025,Marketing,1957777000.0
cp00046,01/02/2025,Vận chuyển,1674348000.0
cp00047,01/02/2025,Điện nước văn phòng,153144000.0
cp00048,01/02/2025,Khấu hao thiết bị,164823000.0
cp00049,01/02/2025,Chi phí khác,66798000.0
cp00050,01/03/2025,Lương nhân viên,5727065000.0
cp00051,01/03/2025,Thuê mặt bằng,1850413000.0
cp00052,01/03/2025,Marketing,2537111000.0
cp00053,01/03/2025,Vận chuyển,790171000.0
cp00054,01/03/2025,Điện nước văn phòng,132998000.0
cp00055,01/03/2025,Khấu hao thiết bị,252993000.0
cp00056,01/03/2025,Chi phí khác,187050000.0
cp00057,01/04/2025,Lương nhân viên,5267926000.0
cp00058,01/04/2025,Thuê mặt bằng,1716168000.0
CP00059,01/04/2025,Marketing,1936036000.0
cp00060,01/04/2025,Vận chuyển,1503356000.0
cp00061,01/04/2025,Điện nước văn phòng,132273000.0
CP00062,01/04/2025,Khấu hao thiết bị,190026000.0
cp00063,01/04/2025,Chi phí khác,149245000.0
cp00064,01/05/2025,Lương nhân viên,6381541000.0
CP00065,01/05/2025,Thuê mặt bằng,1408646000.0
cp00066,2025-05,Marketing,3396686000.0
CP00067,01/05/2025,Vận chuyển,1043805000.0
cp00068,01/05/2025,Điện nước văn phòng,113117000.0
CP00069,01/05/2025,Khấu hao thiết bị,308220000.0
cp00070,05/01/2025,Chi phí khác,148838000.0
cp00071,01/06/2025,Lương nhân viên,7284042000.0
cp00072,01/06/2025,Thuê mặt bằng,1729743000.0
cp00073,01/06/2025,Marketing,2046009000.0
CP00074,01/06/2025,Vận chuyển,2119358000.0
cp00075,01/06/2025,Điện nước văn phòng,102491000.0
cp00076,01/06/2025,Khấu hao thiết bị,296972000.0
cp00077,01/06/2025,Chi phí khác,49658000.0
cp00078,01/07/2025,Lương nhân viên,5433132000.0
cp00079,01/07/2025,Thuê mặt bằng,1219890000.0
cp00080,01/07/2025,Marketing,2056675000.0
cp00081,01/07/2025,Vận chuyển,2818444000.0
cp00082,07/01/2025,Điện nước văn phòng,93819000.0
cp00083,07/01/2025,Khấu hao thiết bị,302361000.0
cp00084,01/07/2025,Chi phí khác,171872000.0
cp00085,01/08/2025,Lương nhân viên,7020938000.0
CP00086,01/08/2025,Thuê mặt bằng,1404625000.0
cp00087,01/08/2025,Marketing,2006308000.0
CP00088,01/08/2025,Vận chuyển,2618346000.0
cp00089,2025-08,Điện nước văn phòng,105459000.0
cp00090,08/01/2025,Khấu hao thiết bị,222159000.0
cp00091,01/08/2025,Chi phí khác,92460000.0
cp00092,01/09/2025,Lương nhân viên,5571122000.0
cp00093,01/09/2025,Thuê mặt bằng,1920239000.0
cp00094,01/09/2025,Marketing,2243884000.0
cp00095,01/09/2025,Vận chuyển,1571642000.0
CP00096,01/09/2025,Điện nước văn phòng,128767000.0
cp00097,01/09/2025,Khấu hao thiết bị,283065000.0
cp00098,01/09/2025,Chi phí khác,108811000.0
cp00099,01/10/2025,Lương nhân viên,6755922000.0
cp00100,10/01/2025,Thuê mặt bằng,1563137000.0
cp00101,01/10/2025,Marketing,2002025000.0
cp00102,01/10/2025,Vận chuyển,2024043000.0
cp00103,01/10/2025,Điện nước văn phòng,158574000.0
cp00104,01/10/2025,Khấu hao thiết bị,270391000.0
cp00105,01/10/2025,Chi phí khác,137244000.0
cp00106,01/11/2025,Lương nhân viên,5989172000.0
CP00107,01/11/2025,Thuê mặt bằng,1576318000.0
cp00108,01/11/2025,Marketing,4639730000.0
cp00109,01/11/2025,Vận chuyển,2979401000.0
cp00110,01/11/2025,Điện nước văn phòng,157073000.0
cp00111,11/01/2025,Khấu hao thiết bị,272959000.0
cp00112,01/11/2025,Chi phí khác,65689000.0
cp00113,01/12/2025,Lương nhân viên,6970689000.0
cp00114,01/12/2025,Thuê mặt bằng,1493944000.0
cp00115,01/12/2025,Marketing,4327222000.0
cp00116,01/12/2025,Vận chuyển,1364405000.0
cp00117,01/12/2025,Điện nước văn phòng,81616000.0
cp00118,01/12/2025,Khấu hao thiết bị,225145000.0
cp00119,01/12/2025,Chi phí khác,225412000.0
cp00120,2026-01,Lương nhân viên,5385149000.0
cp00121,01/01/2026,Thuê mặt bằng,1440082000.0
cp00122,01/01/2026,Marketing,2271465000.0
cp00123,01/01/2026,Vận chuyển,1255697000.0
cp00124,2026-01,Điện nước văn phòng,115280000.0
cp00125,01/01/2026,Khấu hao thiết bị,257451000.0
cp00126,01/01/2026,Chi phí khác,67059000.0
cp00127,01/02/2026,Lương nhân viên,6978717000.0
cp00128,01/02/2026,Thuê mặt bằng,1624554000.0
cp00129,01/02/2026,Marketing,701427000.0
cp00130,01/02/2026,Vận chuyển,624438000.0
cp00131,01/02/2026,Điện nước văn phòng,108699000.0
cp00132,01/02/2026,Khấu hao thiết bị,291290000.0
CP00133,01/02/2026,Chi phí khác,130470000.0
CP00134,01/03/2026,Lương nhân viên,5697919000.0
cp00135,01/03/2026,Thuê mặt bằng,1857399000.0
cp00136,01/03/2026,Marketing,2904395000.0
cp00137,01/03/2026,Vận chuyển,1131795000.0
cp00138,01/03/2026,Điện nước văn phòng,123011000.0
cp00139,2026-03,Khấu hao thiết bị,189824000.0
cp00140,01/03/2026,Chi phí khác,181528000.0
cp00141,01/04/2026,Lương nhân viên,5792421000.0
cp00142,01/04/2026,Thuê mặt bằng,1991964000.0
CP00143,01/04/2026,,3099532000.0
cp00144,01/04/2026,Vận chuyển,2277575000.0
cp00145,01/04/2026,Điện nước văn phòng,86550000.0
cp00146,01/04/2026,Khấu hao thiết bị,246736000.0
cp00147,01/04/2026,Chi phí khác,118448000.0
cp00148,01/05/2026,Lương nhân viên,5529406000.0
cp00149,01/05/2026,Thuê mặt bằng,1806249000.0
cp00150,01/05/2026,Marketing,2578178000.0
CP00151,01/05/2026,Vận chuyển,1875719000.0
cp00152,01/05/2026,Điện nước văn phòng,101936000.0
cp00153,01/05/2026,Khấu hao thiết bị,267969000.0
cp00154,01/05/2026,Chi phí khác,75006000.0
cp00155,2026-06,Lương nhân viên,6860390000.0
cp00156,01/06/2026,Thuê mặt bằng,1346275000.0
cp00157,01/06/2026,Marketing,1084420000.0
cp00158,01/06/2026,Vận chuyển,1133214000.0
cp00159,01/06/2026,Điện nước văn phòng,126603000.0
cp00160,01/06/2026,Khấu hao thiết bị,217894000.0
CP00161,01/06/2026,Chi phí khác,105631000.0
cp00162,01/07/2026,Lương nhân viên,4907687000.0
CP00163,01/07/2026,Thuê mặt bằng,1346627000.0
cp00164,01/07/2026,Marketing,2128324000.0
cp00165,01/07/2026,,1040727000.0
cp00166,01/07/2026,Điện nước văn phòng,119134000.0
cp00167,01/07/2026,Khấu hao thiết bị,234840000.0
cp00168,01/07/2026,Chi phí khác,83987000.0
